anomaly_score,prediction,label_real
-0.40259573335292065,1,-1
-0.4224251446175243,-1,-1
-0.389417254969882,1,1
-0.439983531617942,-1,-1
-0.43981471801223077,-1,-1
-0.4151345770417454,1,-1
-0.41615817208529715,1,-1
-0.4382227259614841,-1,-1
-0.45411461892780086,-1,-1
-0.4269665205315751,-1,-1
-0.49663047103791613,-1,1
-0.40807404013550885,1,1
-0.40887742957283074,1,-1
-0.4293567193126816,-1,-1
-0.4860459491916714,-1,1
-0.4701424422981897,-1,-1
-0.40714813712358366,1,-1
-0.40597613422581386,1,-1
-0.4113692238711323,1,-1
-0.431640046042153,-1,-1
-0.4190329903044805,1,-1
-0.4143706705521904,1,-1
-0.4018109333492255,1,-1
-0.47624166136465895,-1,1
-0.4731335441337501,-1,-1
-0.4702367973209235,-1,-1
-0.4016359647764076,1,-1
-0.42003792038741083,1,-1
-0.40924139056765196,1,-1
-0.3996398143394234,1,-1
-0.4055050584544602,1,-1
-0.4249952026228136,-1,-1
-0.4082125650119598,1,-1
-0.4688017243239857,-1,-1
-0.3959987793181584,1,-1
-0.3986358596458092,1,-1
-0.4931469557055115,-1,-1
-0.42494356397557576,-1,-1
-0.42804320130497453,-1,1
-0.4014264425378821,1,-1
-0.4336664879410959,-1,1
-0.38291424875804897,1,-1
-0.40766839893819506,1,-1
-0.41680654439398107,1,-1
-0.47587157148198295,-1,-1
-0.4078899871117407,1,1
-0.4909967813190181,-1,-1
-0.46790632431695667,-1,-1
-0.41367233308991475,1,1
-0.3851653742455502,1,1
-0.3964060384976944,1,1
-0.4921008194878999,-1,-1
-0.42406414355942446,-1,-1
-0.39650460504323437,1,-1
-0.4799848650870648,-1,-1
-0.40668818912770616,1,-1
-0.3823680266030052,1,-1
-0.5130426064188862,-1,1
-0.4767221571123358,-1,1
-0.3844417694625583,1,-1
-0.40740698602814185,1,-1
-0.4895540235364693,-1,-1
-0.4220198109475937,-1,1
-0.41273202374941004,1,-1
-0.4279304359947107,-1,1
-0.3879444437690354,1,-1
-0.4124006731219348,1,-1
-0.4018559937313311,1,-1
-0.4304813426259535,-1,-1
-0.3924911622179518,1,-1
-0.4257372553712235,-1,-1
-0.4096354861544556,1,-1
-0.47433956727070165,-1,-1
-0.38962832068122644,1,-1
-0.4234808246850306,-1,-1
-0.4261482852900671,-1,-1
-0.42866386108886934,-1,-1
-0.4133932435145962,1,-1
-0.41336168505128645,1,-1
-0.41779224025117856,1,-1
-0.43301301061601866,-1,-1
-0.4435236948696799,-1,-1
-0.41506380407918153,1,1
-0.4080061858524024,1,-1
-0.4982914471788233,-1,-1
-0.4423445112033789,-1,-1
-0.44953270692972025,-1,-1
-0.4264746651309928,-1,-1
-0.42492312494020257,-1,-1
-0.42394856501330686,-1,-1
-0.4115284666253955,1,-1
-0.4727270742825082,-1,-1
-0.41533797416729734,1,-1
-0.49259384020384134,-1,-1
-0.42307162895528805,-1,-1
-0.4342835173735184,-1,-1
-0.4969832618197488,-1,1
-0.41252498197075366,1,-1
-0.4080883974379133,1,-1
-0.513254013361212,-1,-1
-0.41069868783776214,1,-1
-0.4259062171506603,-1,-1
-0.4448848667761751,-1,-1
-0.4251964645237407,-1,-1
-0.418645262845605,1,-1
-0.41293351730616107,1,-1
-0.42331067736653855,-1,-1
-0.4134668693762566,1,-1
-0.44273220525724094,-1,-1
-0.41782609285239763,1,-1
-0.3978245369847778,1,-1
-0.42966356611971007,-1,-1
-0.41565869499795227,1,-1
-0.4043619602613714,1,-1
-0.38602761278404146,1,-1
-0.44469031806369336,-1,1
-0.41963474706924164,1,-1
-0.4134143022308242,1,-1
-0.40603159539642414,1,-1
-0.4312502679086651,-1,-1
-0.43075844339148833,-1,-1
-0.3882100040217679,1,-1
-0.38807603482712855,1,-1
-0.4053958231632049,1,-1
-0.42771487642627826,-1,-1
-0.43928362488291434,-1,-1
-0.42974590619666053,-1,-1
-0.40937410465622576,1,-1
-0.39604136552133434,1,-1
-0.3984219431162235,1,-1
-0.42148106341972197,-1,-1
-0.39253431898154273,1,1
-0.41342018862286495,1,-1
-0.4370515088933522,-1,-1
-0.4269382001988493,-1,-1
-0.41128624119568685,1,-1
-0.3969037419944078,1,-1
-0.400751461163212,1,-1
-0.4071863184351273,1,-1
-0.3920269991075767,1,-1
-0.40337349430977876,1,-1
-0.39772948405316394,1,-1
-0.4099037471270871,1,-1
-0.5051369903519153,-1,-1
-0.5063865296425994,-1,-1
-0.415262122167165,1,-1
-0.4068986496933707,1,-1
-0.4093778317559786,1,-1
-0.4284520817628425,-1,-1
-0.41425872934861097,1,-1
-0.3881935767967737,1,-1
-0.3926952910278191,1,-1
-0.39472047981554803,1,-1
-0.4109592757997212,1,-1
-0.4088598143654606,1,1
-0.4039559738928601,1,-1
-0.38956594272186185,1,-1
-0.43860342460998575,-1,1
-0.3908270942543588,1,1
-0.4139536753461009,1,-1
-0.38981538865569104,1,-1
-0.40437116008987867,1,-1
-0.37997282645763,1,-1
-0.489797183761139,-1,-1
-0.3893058648319565,1,-1
-0.3929673212221928,1,-1
-0.38571273937383027,1,-1
-0.4023537910087637,1,1
-0.38880563113442446,1,-1
-0.4096649321797575,1,1
-0.39281427951676157,1,-1
-0.42998493724094333,-1,-1
-0.4590215041303994,-1,-1
-0.4176602898978109,1,-1
-0.41806449761878217,1,-1
-0.43102816401372124,-1,-1
-0.4101949603029685,1,-1
-0.40893591776849203,1,-1
-0.407424011958687,1,-1
-0.4195420223724777,1,-1
-0.40877624058178025,1,1
-0.4210477879146253,-1,-1
-0.42518403908699864,-1,1
-0.4956175118149045,-1,-1
-0.4243711483272439,-1,-1
-0.4136627765085208,1,-1
-0.4905952248360072,-1,1
-0.4002686201022204,1,-1
-0.4012636924985537,1,1
-0.43252475829273057,-1,1
-0.4057173032855456,1,-1
-0.40272036799780225,1,-1
-0.4062125487322985,1,-1
-0.4109012778471991,1,-1
-0.41014707551923263,1,-1
-0.4879745557245701,-1,-1
-0.4980340622316532,-1,-1
-0.40178507015030407,1,-1
-0.4279713557847893,-1,-1
-0.4375178671691958,-1,-1
-0.40017876204193975,1,-1
-0.41235592913062263,1,-1
-0.44004147250011777,-1,-1
-0.39662143170193387,1,-1
-0.3891239938739142,1,-1
-0.3925379917525079,1,-1
-0.402208558460275,1,-1
-0.3939362858717804,1,-1
-0.3940621937008271,1,-1
-0.39936363837892447,1,-1
-0.4081124533204987,1,-1
-0.39111115345386455,1,-1
-0.3983742587409017,1,-1
-0.41351783347042986,1,-1
-0.3746943240121501,1,-1
-0.39434698639897375,1,-1
-0.39165516475358536,1,-1
-0.40735251608172035,1,-1
-0.40209500190626984,1,1
-0.4225646769052552,-1,-1
-0.3970711817426094,1,-1
-0.3964229199071969,1,-1
-0.38374514956013767,1,1
-0.39258607220281916,1,-1
-0.38575243402490517,1,-1
-0.3812192835464025,1,-1
-0.39261517207527924,1,-1
-0.42508230872100755,-1,-1
-0.40457963263765595,1,-1
-0.3858994819861901,1,-1
-0.38552363256380884,1,-1
-0.39628151204246287,1,1
-0.39874468336608887,1,-1
-0.4117903099530177,1,-1
-0.3985097830385021,1,-1
-0.38999938808723494,1,1
-0.40178923660360305,1,1
-0.4020090538213522,1,-1
-0.38895995548366125,1,1
-0.3908605787500256,1,-1
-0.4040183761620383,1,1
-0.40502885915480996,1,1
-0.38164933044966826,1,-1
-0.40193637167774315,1,1
-0.4010222479805171,1,1
-0.3986178121727714,1,-1
-0.3896321560404424,1,-1
-0.39819376504617815,1,-1
-0.43944669906061,-1,-1
-0.4436103923768888,-1,-1
-0.39257858450464084,1,-1
-0.4047738769069073,1,-1
-0.3696992461404383,1,-1
-0.4135594353825162,1,-1
-0.3782240554598547,1,-1
-0.3966751960187162,1,-1
-0.4004246378267859,1,-1
-0.3938777097243143,1,-1
-0.3968337327674375,1,-1
-0.4053284778653172,1,-1
-0.38965344009395336,1,-1
-0.39733534198178483,1,-1
-0.38066756281737163,1,-1
-0.45039855882760277,-1,-1
-0.3902617964579635,1,-1
-0.39699473545711245,1,-1
-0.40603880942473825,1,-1
-0.40646567871340317,1,-1
-0.4049674109249978,1,-1
-0.41135634499864926,1,-1
-0.3917284239518168,1,-1
-0.40469067867959796,1,-1
-0.37796727344643555,1,-1
-0.43267428813596376,-1,1
-0.3967977402638925,1,-1
-0.5584435874826471,-1,-1
-0.39245247878262546,1,-1
-0.3823742026562498,1,1
-0.39119620141043315,1,-1
-0.3993564958074152,1,-1
-0.4056639743003417,1,-1
-0.4349637908535873,-1,-1
-0.37966938110402715,1,1
-0.38001214870371214,1,-1
-0.4033295620465106,1,-1
-0.39098488912790214,1,-1
-0.4023841693039591,1,-1
-0.40633634240541683,1,-1
-0.3903295798677707,1,-1
-0.3929186420831836,1,-1
-0.40917065927831014,1,-1
-0.40701697485183735,1,1
-0.3977984494495334,1,-1
-0.39171939852082505,1,-1
-0.3788992954965319,1,1
-0.4118015776688826,1,-1
-0.39914833066768535,1,-1
-0.4022450512851502,1,-1
-0.4013427149250272,1,-1
-0.3922815583416686,1,-1
-0.3922066416795315,1,-1
-0.3893959541923331,1,-1
-0.4034335980235737,1,-1
-0.3935956971220475,1,-1
-0.3926539843957669,1,-1
-0.3888777655931238,1,-1
-0.3731493338607003,1,-1
-0.41631785149479517,1,-1
-0.41346422699285895,1,-1
-0.4041837858065951,1,-1
-0.40423900576990146,1,-1
-0.424126460204053,-1,-1
-0.3982152761425855,1,-1
-0.4468170343375949,-1,-1
-0.39711694717303964,1,-1
-0.39872467438061954,1,-1
-0.3959263019457752,1,-1
-0.3919215470984393,1,-1
-0.41051502279430596,1,-1
-0.39727896924091316,1,-1
-0.3938974269716157,1,-1
-0.4071173055877089,1,1
-0.4124066405191607,1,-1
-0.40049113532049824,1,1
-0.39946706859257314,1,-1
-0.39599613033851083,1,-1
-0.3871173129413391,1,1
-0.38385323802408816,1,1
-0.40208031647071657,1,-1
-0.40111361866449663,1,-1
-0.39208146710041036,1,-1
-0.3744563973269789,1,-1
-0.4304219873122714,-1,-1
-0.38598797548495317,1,-1
-0.396126620942772,1,-1
-0.4174688879566295,1,-1
-0.3984504591286912,1,1
-0.40907032003547905,1,-1
-0.40161644599704704,1,-1
-0.39092490913852007,1,-1
-0.39582780309284255,1,-1
-0.3857411357196359,1,-1
-0.3968107213164293,1,-1
-0.36810426277361785,1,-1
-0.39782283985949735,1,1
-0.41256605541694225,1,-1
-0.38867504589189616,1,-1
-0.4182447365315659,1,-1
-0.42240403591640097,-1,-1
-0.4098841293442032,1,-1
-0.3896599921179513,1,-1
-0.39503058525493384,1,1
-0.3954402838899438,1,-1
-0.38694140817770567,1,-1
-0.3954868753633332,1,-1
-0.3931736262548175,1,-1
-0.3865668504397924,1,-1
-0.3958555492944561,1,-1
-0.3934724108146219,1,-1
-0.3938084030884969,1,-1
-0.4097636050545672,1,-1
-0.40467203117492334,1,-1
-0.4246018530122576,-1,-1
-0.38971281448339823,1,-1
-0.4159548596749056,1,-1
-0.38132935100669657,1,-1
-0.39387320740052506,1,-1
-0.4652726699357498,-1,-1
-0.42081577059413605,1,1
-0.39213533275037415,1,-1
-0.3893894933003159,1,-1
-0.4146423833591683,1,-1
-0.38026981924135506,1,-1
-0.3929531347566196,1,1
-0.3924697357817312,1,-1
-0.39945937174763213,1,-1
-0.37316597483482405,1,-1
-0.3928361795334261,1,-1
-0.4098695300018022,1,-1
-0.3976197664085735,1,-1
-0.4197876266781568,1,-1
-0.40488122747099436,1,-1
-0.3923948865005588,1,-1
-0.4074272230752528,1,-1
-0.4242938377291363,-1,-1
-0.4205614407058441,1,-1
-0.4430804635843546,-1,-1
-0.42078193270333114,1,-1
-0.3841849011113356,1,-1
-0.4072847807810128,1,-1
-0.3948590256676015,1,-1
-0.3910308293088708,1,-1
-0.3926058214283118,1,1
-0.40269685680040285,1,-1
-0.37645732939743337,1,-1
-0.4169324357742271,1,-1
-0.39922719878085483,1,-1
-0.3887317596552357,1,-1
-0.39031883417669055,1,-1
-0.3850018964745678,1,-1
-0.3737061821496044,1,-1
-0.37819158811093756,1,-1
-0.39368443563031036,1,-1
-0.3828782959214876,1,-1
-0.40811172301874993,1,-1
-0.4022168775257219,1,-1
-0.37952654672114383,1,1
-0.3949870895260451,1,-1
-0.402081219678848,1,-1
-0.38954306590532034,1,-1
-0.40688273816342385,1,-1
-0.38360949233381336,1,-1
-0.3869640045806314,1,-1
-0.3917023912176548,1,-1
-0.39676762991320114,1,-1
-0.40153978839896026,1,-1
-0.4050880055301497,1,-1
-0.3870835483674644,1,-1
-0.38700371697345126,1,-1
-0.40014809488127745,1,-1
-0.37803398066395627,1,-1
-0.4226901284996353,-1,-1
-0.4083101632445365,1,-1
-0.41500576257730354,1,-1
-0.3989912343267023,1,1
-0.39966116883328384,1,-1
-0.396082666806522,1,-1
-0.3948479641051339,1,-1
-0.3797507814338738,1,-1
-0.4351748788271667,-1,-1
-0.36878647761974515,1,-1
-0.3917112922500404,1,-1
-0.4090909730664874,1,-1
-0.3970419715713518,1,-1
-0.3845471966558376,1,-1
-0.37313214035193676,1,-1
-0.4171023129319981,1,-1
-0.40537140613731454,1,-1
-0.4078326725561564,1,-1
-0.4219033755702544,-1,-1
-0.42096768542452634,-1,-1
-0.3898192059782005,1,1
-0.39412923682833784,1,-1
-0.4016775612170897,1,-1
-0.42868406092404465,-1,-1
-0.4136839777276222,1,-1
-0.39532053629500646,1,-1
-0.38889856931929534,1,-1
-0.4086874762784184,1,1
-0.3775719524890446,1,-1
-0.41116019953777866,1,-1
-0.3938387785708629,1,-1
-0.3861420199170823,1,-1
-0.4047692900589644,1,-1
-0.4010836543584454,1,-1
-0.4274290784013577,-1,-1
-0.4072698179768798,1,-1
-0.5671062210357191,-1,-1
-0.40848764207244015,1,-1
-0.37370674857621694,1,-1
-0.40425167798748507,1,-1
-0.42084689519190094,-1,-1
-0.4007612908922058,1,-1
-0.38495419811110937,1,-1
-0.3992702640850626,1,-1
-0.38715291891495796,1,-1
-0.5049394817286823,-1,-1
-0.39828525663907427,1,-1
-0.3857876868032348,1,-1
-0.3894978664268498,1,-1
-0.408931583198753,1,-1
-0.3900394824323022,1,-1
-0.392364337721339,1,-1
-0.38754088656548985,1,-1
-0.39325020677997913,1,-1
-0.3826085964415272,1,-1
-0.3976200975632761,1,-1
-0.39157044334271135,1,-1
-0.4189721610597596,1,-1
-0.40943063843103267,1,-1
-0.40917893243133757,1,-1
-0.4014689741012718,1,-1
-0.4089800908632174,1,-1
-0.3957406130710063,1,-1
-0.3972478674346561,1,-1
-0.3797642297290831,1,-1
-0.386202381040882,1,-1
-0.3943286586280252,1,-1
-0.3937140235556769,1,-1
-0.4104815365340674,1,-1
-0.39268762396536344,1,-1
-0.39383948876395364,1,-1
-0.428027348150545,-1,-1
-0.40068742895563086,1,-1
-0.4016401622814213,1,-1
-0.3855444139586293,1,1
-0.37943654160318563,1,-1
-0.41514323029616357,1,-1
-0.40654285366654525,1,-1
-0.394233077853679,1,-1
-0.39722458494581764,1,-1
-0.4036462017499693,1,-1
-0.4077568440992659,1,-1
-0.39675862743152646,1,-1
-0.42571694472861893,-1,-1
-0.4172128426857955,1,-1
-0.40780287522846836,1,-1
-0.3826196067881731,1,-1
-0.3969505236474009,1,1
-0.42074748856141825,1,-1
-0.4420406766051513,-1,-1
-0.3833115671075212,1,-1
-0.39525251992381427,1,-1
-0.4053850010654658,1,-1
-0.404076567500211,1,-1
-0.41288684783660945,1,-1
-0.3867015401509093,1,-1
-0.37846579781366224,1,-1
-0.4155652269119109,1,1
-0.38472343717657104,1,-1
-0.39408891893030046,1,-1
-0.4013404013053758,1,-1
-0.39569021807359067,1,-1
-0.44009886446707075,-1,-1
-0.40066324220170596,1,-1
-0.3863384784216322,1,-1
-0.42123992414413003,-1,-1
-0.41159484507052974,1,-1
-0.4384271348351642,-1,-1
-0.4126573300455509,1,-1
-0.40132844709484283,1,-1
-0.3808215734036827,1,-1
-0.38854759027632113,1,-1
-0.3983063104576609,1,-1
-0.38348538715622293,1,-1
-0.3848744703085437,1,-1
-0.4111559952576279,1,-1
-0.43658692145399075,-1,-1
-0.3962870808170556,1,-1
-0.42869585195073995,-1,-1
-0.4064434189173816,1,-1
-0.39736089859813345,1,-1
-0.37880964012946033,1,-1
-0.42926648355702185,-1,-1
-0.4104484670991626,1,-1
-0.3903126942161711,1,-1
-0.3817850216264908,1,-1
-0.3957444104760564,1,-1
-0.41370528967760006,1,-1
-0.3659688164422811,1,-1
-0.41487297529126166,1,-1
-0.393742882851802,1,-1
-0.3926922910967529,1,-1
-0.38467150196382427,1,-1
-0.3960127882423856,1,-1
-0.4170605871602533,1,-1
-0.392204479638425,1,-1
-0.41805167428298967,1,-1
-0.3915443833950906,1,-1
-0.3903267094042023,1,-1
-0.4026590156991348,1,-1
-0.4324997045666072,-1,-1
-0.40068664881908245,1,-1
-0.41301027042747596,1,-1
-0.40406790659544234,1,-1
-0.40077179333598917,1,-1
-0.38872728616498664,1,-1
-0.40073018083301076,1,-1
-0.41257115441966324,1,-1
-0.4115759062660612,1,-1
-0.40798107317362303,1,-1
-0.4019921877362132,1,-1
-0.38622844042174154,1,-1
-0.4045696668546276,1,-1
-0.410657507968375,1,-1
-0.38493485039368663,1,-1
-0.43209864177310936,-1,1
-0.41155114344684607,1,-1
-0.4003392256818054,1,-1
-0.4053300253908745,1,-1
-0.37729305251169976,1,-1
-0.3868762916187287,1,-1
-0.3825223402987726,1,-1
-0.3848394540445934,1,1
-0.40729896329460646,1,-1
-0.4030663557187805,1,-1
-0.4026162688765089,1,-1
-0.383623792967016,1,-1
-0.4090076737173498,1,-1
-0.3980925580644306,1,-1
-0.37485986576359004,1,-1
-0.42480094719258504,-1,-1
-0.4162989582239006,1,-1
-0.4361623319809636,-1,-1
-0.399779723809724,1,-1
-0.4119576651745537,1,-1
-0.39476570894427854,1,-1
-0.4125356801669687,1,-1
-0.4016982943401779,1,-1
-0.41368991227498253,1,-1
-0.4024279062361425,1,-1
-0.3777682544224284,1,1
-0.3967913540534606,1,-1
-0.39774875368379065,1,-1
-0.3860997140627564,1,-1
-0.3877940627647265,1,1
-0.3864736808163145,1,-1
-0.4028672153222937,1,-1
-0.3977513627027493,1,-1
-0.4158534544410073,1,-1
-0.3806490581418745,1,-1
-0.40075279805889885,1,-1
-0.3970283336255788,1,-1
-0.3838176592268278,1,-1
-0.38841795497549,1,-1
-0.38321369666549043,1,-1
-0.40050190844332634,1,-1
-0.39760981683612123,1,-1
-0.4032798745469516,1,-1
-0.39670651231011783,1,-1
-0.41362292411819557,1,-1
-0.4153697655650739,1,-1
-0.4238233987080356,-1,-1
-0.39123379440197803,1,-1
-0.39192983253978947,1,-1
-0.3760198272414251,1,-1
-0.4268362773928263,-1,-1
-0.38017231908177807,1,-1
-0.38442842378878794,1,-1
-0.3816079173458277,1,-1
-0.3984524455747047,1,-1
-0.3844519611053735,1,-1
-0.40097329403178744,1,-1
-0.39524316358924194,1,-1
-0.5620319862002883,-1,1
-0.39036592751867794,1,-1
-0.38502691780585735,1,-1
-0.39981026150526416,1,-1
-0.3881723726536793,1,-1
-0.39669180325888104,1,-1
-0.38979601333234903,1,-1
-0.3956583578620789,1,-1
-0.38440918026423876,1,-1
-0.4315217506885582,-1,-1
-0.3950376217652558,1,-1
-0.386946600789761,1,-1
-0.4043573320361066,1,-1
-0.3968998206536765,1,-1
-0.41025418439445255,1,-1
-0.3796415283761615,1,-1
-0.3858093990689657,1,-1
-0.3912278383760501,1,-1
-0.3868693029702079,1,-1
-0.42254321210882634,-1,-1
-0.3981209194955084,1,-1
-0.38880070481918916,1,-1
-0.37434079451113694,1,-1
-0.3889298958927182,1,-1
-0.39755906690106607,1,-1
-0.3892141996624674,1,-1
-0.3816167820641812,1,-1
-0.3768780341538161,1,-1
-0.38658482532313965,1,-1
-0.375474996574643,1,-1
-0.40984883185366444,1,-1
-0.40002637818407183,1,-1
-0.4070787818539311,1,-1
-0.41583127405696646,1,-1
-0.3786097483884675,1,-1
-0.38488555766014265,1,-1
-0.3981380359563639,1,-1
-0.3650775948634787,1,-1
-0.424874691107806,-1,-1
-0.3908756537913031,1,-1
-0.4058711087402177,1,-1
-0.4223527339694787,-1,-1
-0.40309785041201524,1,-1
-0.37651141030202234,1,-1
-0.3938791320380891,1,-1
-0.4017074337598657,1,-1
-0.395573895056245,1,-1
-0.3808920605391054,1,-1
-0.3898698228875359,1,-1
-0.40699512709273256,1,-1
-0.3835050630095792,1,-1
-0.3915717471750969,1,-1
-0.38955497563734204,1,-1
-0.38195258554198946,1,-1
-0.40529064937141435,1,-1
-0.38329927903750416,1,-1
-0.3928261176351702,1,-1
-0.40035225616706593,1,-1
-0.3960529646985979,1,-1
-0.39146308922281725,1,-1
-0.39611320056428845,1,-1
-0.39682300057940717,1,-1
-0.39977001278069496,1,-1
-0.3856811165609057,1,-1
-0.42859897472640607,-1,-1
-0.3998881604649847,1,-1
-0.3866869117160685,1,-1
-0.3948441188870274,1,-1
-0.3880348764948826,1,-1
-0.40118634375526957,1,-1
-0.3944222918160576,1,-1
-0.4186163552588508,1,-1
-0.4091783558129604,1,-1
-0.38506872508641815,1,-1
-0.3882033725232672,1,-1
-0.464784548544254,-1,1
-0.3903886334685633,1,-1
-0.3839223433641039,1,-1
-0.3809183306119572,1,-1
-0.4105258293100812,1,-1
-0.3858917577515304,1,-1
-0.41110079538024263,1,-1
-0.4210874378915561,-1,-1
-0.3815770310365133,1,-1
-0.3801421749361058,1,-1
-0.3869179512910342,1,-1
-0.40138083275557,1,-1
-0.4079081204299442,1,-1
-0.40161292210712707,1,-1
-0.39269949223777334,1,-1
-0.3953419641567894,1,-1
-0.3995869960251001,1,-1
-0.3974579695902019,1,-1
-0.38832335441712545,1,-1
-0.3977483189419198,1,-1
-0.39400958244628687,1,-1
-0.39837064235568725,1,-1
-0.4056730470379317,1,-1
-0.4073855722416275,1,-1
-0.3864656081107865,1,-1
-0.41470291710633084,1,-1
-0.38221106337758465,1,-1
-0.39264295428596246,1,-1
-0.3990242388493113,1,-1
-0.4201249208090217,1,-1
-0.4051353758724046,1,-1
-0.4002541365581695,1,-1
-0.3918893278989386,1,-1
-0.40442045857892245,1,-1
-0.383826663919703,1,-1
-0.39470218635960086,1,-1
-0.4187629445377282,1,-1
-0.41489248509577176,1,-1
-0.4040649590120062,1,-1
-0.3897430241460491,1,-1
-0.37944037621641247,1,-1
-0.42259644278333247,-1,-1
-0.39923974088442127,1,-1
-0.38104222312259295,1,-1
-0.4110577693467863,1,-1
-0.41081203239420416,1,-1
-0.39953982968882606,1,-1
-0.40561808584032666,1,-1
-0.39174557697589324,1,-1
-0.4159137122711107,1,-1
-0.43891971629632515,-1,-1
-0.39901636967033904,1,-1
-0.3955334585255838,1,-1
-0.39878848509689374,1,-1
-0.4035423906278766,1,-1
-0.399646796363924,1,-1
-0.4087762643648727,1,-1
-0.4029338289334729,1,-1
-0.42981553564924696,-1,-1
-0.39953954275292164,1,-1
-0.439737176890667,-1,-1
-0.4246634511814497,-1,-1
-0.39224979622697526,1,-1
-0.38786720093173427,1,-1
-0.4019558615098778,1,-1
-0.39832013943184225,1,-1
-0.3974932407460548,1,-1
-0.41032915886917304,1,-1
-0.40354734914040474,1,-1
-0.43041351008304846,-1,-1
-0.4046999256887941,1,-1
-0.41785427314389895,1,-1
-0.38457553811105316,1,-1
-0.3977442602785517,1,-1
-0.3857796890957161,1,-1
-0.3828289971632852,1,-1
-0.3874214205690142,1,-1
-0.3837373801348706,1,-1
-0.3982901245197535,1,-1
-0.40343520522143056,1,-1
-0.40051059571580006,1,-1
-0.4067555265749342,1,-1
-0.41300441339319943,1,-1
-0.3977121087097753,1,-1
-0.3950363295074588,1,-1
-0.3899914211192409,1,-1
-0.41579199939599554,1,1
-0.40353609177591004,1,-1
-0.41759760043608457,1,1
-0.4256360636109929,-1,-1
-0.39936803098671586,1,-1
-0.4758309905026404,-1,-1
-0.3951412870691739,1,-1
-0.4043613662726746,1,-1
-0.3811992401735488,1,-1
-0.39491170076220267,1,-1
-0.4033569413698755,1,-1
-0.4108079901231951,1,-1
-0.4121358053971219,1,-1
-0.3982537187741685,1,-1
-0.417612435998458,1,-1
-0.4148180406684509,1,-1
-0.3929088378541036,1,-1
-0.3971509225891334,1,-1
-0.41502622858925803,1,-1
-0.4089912281914239,1,-1
-0.3856123421987298,1,-1
-0.3951125650146286,1,-1
-0.41329286344125876,1,-1
-0.40683496146504133,1,-1
-0.39054795596462943,1,-1
-0.4143419017479997,1,-1
-0.3972189228133923,1,-1
-0.38153814488967003,1,-1
-0.3989126574945564,1,-1
-0.3952143680239302,1,-1
-0.4076147306758377,1,-1
-0.3898583507586433,1,1
-0.39385318728722696,1,-1
-0.4082581662353807,1,-1
-0.40083854301576116,1,-1
-0.3930445923226578,1,-1
-0.3972135094303863,1,1
-0.4247381681328847,-1,-1
-0.3954821823296203,1,-1
-0.4076462708471241,1,-1
-0.4043531268753608,1,-1
-0.3951156169330219,1,-1
-0.4026868759134214,1,-1
-0.37973278527254856,1,-1
-0.4135260962062115,1,-1
-0.38592727793741183,1,-1
-0.4014123501094838,1,-1
-0.4073851247489072,1,-1
-0.3947846579288234,1,-1
-0.37267105116979493,1,-1
-0.42624142400341314,-1,-1
-0.40256997908454933,1,-1
-0.3826989262934295,1,-1
-0.3813802371883423,1,-1
-0.38926999589138817,1,-1
-0.40173688359632775,1,-1
-0.40169717772322694,1,-1
-0.40787669573229873,1,-1
-0.4051542979861979,1,-1
-0.3911238117965167,1,-1
-0.3952981386361453,1,-1
-0.41827687679322356,1,-1
-0.41415466668952217,1,-1
-0.42017645919145874,1,-1
-0.4234939479355026,-1,-1
-0.39449281851169504,1,-1
-0.43444307963884776,-1,-1
-0.4432424731978679,-1,-1
-0.3858139469227204,1,-1
-0.40319837434861405,1,-1
-0.39898053718332166,1,-1
-0.40415852576313893,1,-1
-0.4451551341477319,-1,-1
-0.39070178819830564,1,-1
-0.40916337869872704,1,-1
-0.4114264356141262,1,-1
-0.40290331432131765,1,1
-0.38756621604707747,1,-1
-0.38633673857667916,1,-1
-0.4150226893862645,1,-1
-0.405079485214003,1,-1
-0.4038742043268364,1,-1
-0.3907923451586669,1,-1
-0.38565433649053776,1,-1
-0.4153934143939287,1,-1
-0.41800530563913263,1,-1
-0.3912226339229133,1,-1
-0.37867592084398216,1,-1
-0.38325641784464765,1,-1
-0.4006677999682306,1,-1
-0.39641083583815745,1,-1
-0.3855842438850001,1,-1
-0.3886699421641866,1,-1
-0.4210872847503979,-1,-1
-0.42798554121656296,-1,-1
-0.3975563647180463,1,-1
-0.4060932383077764,1,-1
-0.372946441242007,1,-1
-0.40564996555868055,1,-1
-0.37065192469635366,1,-1
-0.38772506752490893,1,-1
-0.3859428804549256,1,-1
-0.39689486562179843,1,-1
-0.40216388225785576,1,-1
-0.3852501621748089,1,-1
-0.378066479337482,1,-1
-0.3800869298824566,1,-1
-0.39845050491539896,1,-1
-0.4186389976273556,1,-1
-0.3931723121197121,1,-1
-0.3882799689696028,1,-1
-0.4207776109770414,1,-1
-0.38283493297150767,1,-1
-0.4187749835732417,1,-1
-0.4075538413362264,1,-1
-0.397961061910866,1,-1
-0.39070762704655276,1,-1
-0.38525731542421715,1,-1
-0.4094394726149777,1,-1
-0.38267029805290664,1,1
-0.39202267417837106,1,-1
-0.38789897397883566,1,-1
-0.3941354422303211,1,-1
-0.4107198034820245,1,-1
-0.4078600738458878,1,-1
-0.4066081307980637,1,-1
-0.39301028288540624,1,-1
-0.41499881544567213,1,-1
-0.5008207635966546,-1,-1
-0.4160295740182739,1,1
-0.3925222457369734,1,-1
-0.40494288491216485,1,1
-0.39143165926821977,1,-1
-0.39241877783465406,1,-1
-0.4099061209433417,1,1
-0.3981834017070346,1,-1
-0.43648208364958185,-1,-1
-0.4079388492745825,1,-1
-0.42071700787322575,1,-1
-0.37946828979857344,1,-1
-0.4181163052985996,1,-1
-0.40161864416969173,1,-1
-0.40914439854173484,1,-1
-0.40841668574398127,1,-1
-0.3976151380904482,1,-1
-0.40865687520770066,1,-1
-0.3912468788222781,1,-1
-0.4226475778461366,-1,-1
-0.41034002732711466,1,-1
-0.42335585030597794,-1,-1
-0.403912930743716,1,-1
-0.41625632647917754,1,-1
-0.4062038566528851,1,-1
-0.4189024252731488,1,-1
-0.41304070822979627,1,-1
-0.4002806652716174,1,-1
-0.39516054953085156,1,-1
-0.41654522337159444,1,-1
-0.4030207674927013,1,-1
-0.40653881764944033,1,-1
-0.3936198394084725,1,-1
-0.4418944836739885,-1,-1
-0.3942068106695936,1,-1
-0.3993972777868958,1,-1
-0.38665970795532895,1,-1
-0.4200152306143144,1,-1
-0.39623448378528736,1,-1
-0.404848389169092,1,-1
-0.4051296257950659,1,-1
-0.40762512801635686,1,-1
-0.3983623396632021,1,-1
-0.3902642024765357,1,-1
-0.39014958804867117,1,-1
-0.3777270916155611,1,-1
-0.38279347962579036,1,-1
-0.39553284471382244,1,-1
-0.39944005946186234,1,-1
-0.3839264346459345,1,-1
-0.38288589106485393,1,-1
-0.41780151941140187,1,-1
-0.39386334121598277,1,-1
-0.40333576349013317,1,-1
-0.39518846133502283,1,-1
-0.37808958621431943,1,-1
-0.39804855515450155,1,-1
-0.39885963149720594,1,-1
-0.42959105982448315,-1,-1
-0.4284826585031319,-1,-1
-0.4156955838856457,1,-1
-0.4108850746637569,1,-1
-0.4217509990689134,-1,-1
-0.39652421668897986,1,-1
-0.4201378615278516,1,-1
-0.3781177733029372,1,-1
-0.39315519514997604,1,-1
-0.4010321741270226,1,-1
-0.3878753778443003,1,-1
-0.3938934712804257,1,-1
-0.3939272836552966,1,-1
-0.40993338489258396,1,-1
-0.3841212095045485,1,-1
-0.4008323231119996,1,-1
-0.3954866622778265,1,-1
-0.4267414622547757,-1,-1
-0.40463621215891277,1,-1
-0.3876071152909717,1,-1
-0.3939706753764154,1,-1
-0.3960285415692692,1,-1
-0.4028463942853696,1,-1
-0.3760163742668411,1,-1
-0.40083891773862174,1,-1
-0.38698118452581776,1,-1
-0.4051232392671359,1,-1
-0.40012016487925517,1,-1
-0.42564035371323816,-1,-1
-0.38249267469722154,1,-1
-0.39265177578412586,1,-1
-0.3980500853991337,1,-1
-0.39360419798641977,1,-1
-0.3953590275414025,1,-1
-0.38226618564769393,1,-1
-0.3976291467931638,1,-1
-0.38731171538074843,1,-1
-0.39295357037044093,1,-1
-0.379963146779875,1,-1
-0.38760751993362574,1,-1
-0.39129616602838363,1,-1
-0.4011350668034814,1,-1
-0.3863758083060217,1,-1
-0.39501959202861153,1,-1
-0.39625478605369213,1,-1
-0.37567226876810017,1,-1
-0.3806817521236202,1,-1
-0.4016997254139278,1,-1
-0.410503593325577,1,1
-0.3781992070676115,1,-1
-0.3822037232946569,1,-1
-0.3786195719985332,1,-1
-0.41507154888260783,1,-1
-0.3828053323514451,1,-1
-0.3787867544199434,1,-1
-0.39385031692529865,1,-1
-0.4112305546621648,1,-1
-0.39825592192082093,1,-1
-0.40185311301229143,1,-1
-0.38993602721939946,1,-1
-0.37453818917333753,1,-1
-0.39099299726232295,1,-1
-0.3837372812287641,1,-1
-0.388000097474786,1,-1
-0.38161902398969993,1,-1
-0.38372293609555524,1,-1
-0.38785623197839186,1,-1
-0.4143195923923783,1,-1
-0.38352752044802735,1,-1
-0.3977478882223214,1,-1
-0.37550432885977625,1,-1
-0.3976338708375002,1,-1
-0.38565024979668083,1,-1
-0.40532796167386953,1,-1
-0.3784190319810141,1,-1
-0.442125767906566,-1,-1
-0.3704352487211687,1,-1
-0.3728207045892034,1,-1
-0.3873558826961509,1,-1
-0.3895475585161651,1,-1
-0.371354676093834,1,-1
-0.3817373480322053,1,1
-0.3819702965125671,1,-1
-0.3975683993864841,1,-1
-0.40418162636275395,1,-1
-0.3848170176247404,1,-1
-0.3829433281149627,1,-1
-0.37170498938517954,1,-1
-0.41329112414548047,1,-1
-0.382455219893188,1,-1
-0.4021652963484487,1,-1
-0.4078565124194794,1,-1
-0.4007534726737604,1,-1
-0.41624967874677415,1,-1
-0.40569852209793095,1,-1
-0.379705926735163,1,-1
-0.38848190598311505,1,-1
-0.40231082620063796,1,-1
-0.3765631385456395,1,-1
-0.40542724580231937,1,-1
-0.39804747776454774,1,-1
-0.3907117016255493,1,-1
-0.40162936638117563,1,-1
-0.37656088879619437,1,-1
-0.3930340837522195,1,-1
-0.4321058740778594,-1,-1
-0.37076303080029904,1,-1
-0.3784943883250191,1,-1
-0.40051510236266513,1,-1
-0.37392586788395404,1,-1
-0.40082549722028343,1,-1
-0.4315774205680244,-1,-1
-0.40500214214187535,1,-1
-0.4370019552270307,-1,-1
-0.38776715421525876,1,-1
-0.3852116226155043,1,-1
-0.3993049313437485,1,-1
-0.3808833831290925,1,-1
-0.38951977457374604,1,-1
-0.3881130119687289,1,-1
-0.3715907658243483,1,-1
-0.3981974592908706,1,-1
-0.38064592013635334,1,-1
-0.41441072660598155,1,-1
-0.432839154992158,-1,-1
-0.4154584630390369,1,-1
-0.3949569968489411,1,-1
-0.37983149196478033,1,-1
-0.38055869115956364,1,-1
-0.4138044607260799,1,-1
-0.39350094928945334,1,-1
-0.4239472994678237,-1,-1
-0.38891557339763155,1,-1
-0.4203036503603233,1,-1
-0.39638483219331183,1,-1
-0.39759689922850927,1,-1
-0.3982726510525247,1,-1
-0.3897045454240329,1,-1
-0.40211118222400405,1,-1
-0.4053170448895456,1,-1
-0.4032737425313624,1,-1
-0.39126623824432843,1,-1
-0.46846473338165334,-1,-1
-0.45002833924188007,-1,-1
-0.37470158724423586,1,-1
-0.38101031275573705,1,-1
-0.4011766528684305,1,-1
-0.38687093147466567,1,-1
-0.40509272262261675,1,-1
-0.3803701700126658,1,-1
-0.44399658515837565,-1,-1
-0.3931180052069932,1,-1
-0.4146964354125276,1,-1
-0.39960017543380305,1,-1
-0.3981210567766403,1,-1
-0.4199411161085895,1,-1
-0.4066745564926462,1,-1
-0.3868089052824878,1,-1
-0.396159979150672,1,-1
-0.40492793820524664,1,-1
-0.41030895379456606,1,-1
-0.3888656148949317,1,-1
-0.4038350434850321,1,-1
-0.42833713836392184,-1,1
-0.43337642496669043,-1,-1
-0.4180333385814724,1,-1
-0.4199471947279456,1,-1
-0.39871410134500335,1,-1
-0.382796375162963,1,-1
-0.39341624049318746,1,-1
-0.4132674244443307,1,1
-0.38549504446464333,1,-1
-0.3920721325776886,1,-1
-0.41573652681339757,1,-1
-0.4075118623430737,1,-1
-0.3879429873133933,1,-1
-0.41519568266497964,1,-1
-0.39120150082211197,1,-1
-0.41207809629492564,1,-1
-0.3952578338972627,1,-1
-0.40903015212382565,1,-1
-0.3948203255677962,1,-1
-0.4022201235100507,1,-1
-0.38925686084201805,1,-1
-0.4107188477722146,1,-1
-0.4068296325672534,1,-1
-0.4274729800759319,-1,-1
-0.3926035250627695,1,-1
-0.40186046746341125,1,-1
-0.4043245946851072,1,-1
-0.38860866410954326,1,-1
-0.3957927472087944,1,-1
-0.38849937393176254,1,-1
-0.4184557986604198,1,-1
-0.4006441064628375,1,-1
-0.395708195843405,1,-1
-0.4141021515094775,1,-1
-0.40105865339676056,1,-1
-0.40951062173777697,1,-1
-0.4011047049516119,1,-1
-0.40388531518315246,1,-1
-0.3883070618869681,1,-1
-0.3976138498954215,1,-1
-0.39561989505711426,1,-1
-0.3921712467471165,1,1
-0.40863010123085614,1,-1
-0.41871051883805144,1,-1
-0.3972798635407065,1,-1
-0.3992183076557344,1,1
-0.41876594201233747,1,-1
-0.4061803866739127,1,-1
-0.38785713831210256,1,-1
-0.3850315483567782,1,-1
-0.3949207848514725,1,-1
-0.410340025234185,1,-1
-0.39259527473657835,1,-1
-0.39866592596791045,1,-1
-0.4009379842049395,1,-1
-0.39520751648833014,1,-1
-0.3874498911910578,1,-1
-0.3937032667602272,1,-1
-0.3974919327047143,1,-1
-0.40705018386528335,1,-1
-0.3926894245311014,1,-1
-0.4084717087972917,1,-1
-0.3849966907566012,1,-1
-0.4163509003859552,1,-1
-0.408072018995972,1,-1
-0.3944315809610434,1,-1
-0.3922774841345641,1,-1
-0.36886509622354735,1,1
-0.4009346660905824,1,-1
-0.3865030671325204,1,-1
-0.40957317984889313,1,-1
-0.40384327514313595,1,-1
-0.3769879852219195,1,-1
-0.4026167467544839,1,-1
-0.38392300385676514,1,-1
-0.3854741257470629,1,-1
-0.3900831194449046,1,-1
-0.4006598051924557,1,-1
-0.40087915649338657,1,-1
-0.4139142967744179,1,-1
-0.38687614219345257,1,-1
-0.40903634834081315,1,-1
-0.38302746412767563,1,-1
-0.39146285461032226,1,1
-0.4028356210795447,1,-1
-0.3908004415958982,1,-1
-0.4570756501748909,-1,-1
-0.40111282621213423,1,-1
-0.3966447800952686,1,-1
-0.40714689464384257,1,-1
-0.40371398533176023,1,-1
-0.40224640263767225,1,-1
-0.4023591535030541,1,-1
-0.41890154774179145,1,-1
-0.4167993397121021,1,1
-0.3933832710731946,1,-1
-0.4075788183689998,1,-1
-0.38250407347823345,1,1
-0.39387007115981076,1,1
-0.3865878934855532,1,-1
-0.41214830211987724,1,-1
-0.4220347909170004,-1,-1
-0.39083583029435,1,-1
-0.4250909914036727,-1,-1
-0.3956589065162337,1,-1
-0.4037765044840216,1,-1
-0.39852955744500707,1,-1
-0.3934469168807871,1,-1
-0.41738472138120575,1,-1
-0.38435879408751783,1,-1
-0.41626557277340176,1,1
-0.4105430986047127,1,-1
-0.3965745386357972,1,-1
-0.44196566535327364,-1,-1
-0.3969748152273695,1,-1
-0.4174821196206711,1,-1
-0.42453379576386957,-1,-1
-0.41019321704419065,1,-1
-0.3960393406493902,1,-1
-0.3947777852396462,1,-1
-0.41333297763730215,1,-1
-0.4023998909658294,1,-1
-0.4095986594482107,1,-1
-0.435894654939932,-1,-1
-0.40372280394410803,1,-1
-0.3846927012215363,1,-1
-0.40939665076897674,1,-1
-0.3967805682627464,1,-1
-0.4044738268178288,1,-1
-0.38049018884660063,1,-1
-0.42741927306845534,-1,-1
-0.4099703342494719,1,-1
-0.407529640385304,1,-1
-0.397289854324671,1,-1
-0.3944155100950982,1,-1
-0.43921460961312586,-1,-1
-0.4032090884207132,1,-1
-0.42958473251500523,-1,-1
-0.38638033455764376,1,-1
-0.4206949267586477,1,-1
-0.40651694557825235,1,-1
-0.40819827127068986,1,-1
-0.38309028933759026,1,-1
-0.39286853050366866,1,-1
-0.3729195496791155,1,-1
-0.4302599895070498,-1,-1
-0.37532403265476066,1,-1
-0.40723775244965893,1,-1
-0.4109352486553326,1,-1
-0.40295999715059977,1,-1
-0.4230199740898882,-1,-1
-0.40187504422034875,1,-1
-0.4078001768526038,1,-1
-0.4097946815464629,1,-1
-0.3962816057553058,1,-1
-0.3891836170690731,1,-1
-0.39890568433677054,1,-1
-0.384949621081911,1,-1
-0.4072327302231202,1,1
-0.4198634723922325,1,1
-0.41132742665625105,1,-1
-0.4202913304397113,1,-1
-0.41118361491950794,1,-1
-0.43097602472401014,-1,-1
-0.4427536583587066,-1,-1
-0.41916495149193844,1,-1
-0.4280410981285335,-1,-1
-0.4116954083799864,1,-1
-0.40300797686318174,1,-1
-0.4151562255203141,1,-1
-0.4252691794638887,-1,-1
-0.40481297440801456,1,-1
-0.40441483520281846,1,-1
-0.39044660847002166,1,-1
-0.40589780366672573,1,-1
-0.43879665872025564,-1,-1
-0.4198246666210928,1,-1
-0.38390296079437797,1,-1
-0.38951231824597454,1,-1
-0.4123159203778448,1,-1
-0.4176734607187386,1,1
-0.397239168600553,1,1
-0.3973302700205765,1,-1
-0.40260820637000144,1,1
-0.4205192088490099,1,1
-0.40462574825038383,1,1
-0.38488245042439556,1,-1
-0.43040595026017187,-1,-1
-0.41273938135468186,1,-1
-0.40755742370780446,1,-1
-0.41015529993917954,1,-1
-0.41430423150138257,1,-1
-0.3993703256995802,1,-1
-0.42926796722470756,-1,-1
-0.40141293442930975,1,-1
-0.41091629648347466,1,-1
-0.401959640187263,1,-1
-0.39960042749336966,1,-1
-0.40017563872211015,1,1
-0.41251597408891927,1,1
-0.4185529871628978,1,-1
-0.3879042441076036,1,-1
-0.4127608666908246,1,-1
-0.4347479293905745,-1,-1
-0.39839974651393467,1,-1
-0.4118451558418695,1,-1
-0.3935801607494176,1,-1
-0.4075342532805467,1,-1
-0.41182564362046714,1,-1
-0.4128892653312371,1,-1
-0.4090629295699218,1,-1
-0.39083328243849774,1,-1
-0.40905607535546107,1,-1
-0.3933448248131873,1,-1
-0.4234567130684184,-1,-1
-0.3891214136505147,1,-1
-0.3931945383403554,1,-1
-0.4136821101158263,1,-1
-0.415431560332733,1,-1
-0.4026319611563267,1,1
-0.4203305971667239,1,1
-0.4111749984413214,1,1
-0.39532682864030444,1,-1
-0.39936298513670054,1,-1
-0.39257182540867225,1,-1
-0.39486334109287263,1,-1
-0.4115147335402105,1,-1
-0.3948377315765565,1,-1
-0.39912924583500414,1,-1
-0.3929928277556907,1,-1
-0.4241542565327965,-1,-1
-0.38460422493180485,1,-1
-0.39740290176333315,1,-1
-0.4064590408907743,1,-1
-0.3933104025808643,1,-1
-0.4175774239461891,1,-1
-0.39917438738688626,1,-1
-0.40153882952263387,1,-1
-0.392022917141151,1,-1
-0.4339223431757613,-1,-1
-0.42734223709107855,-1,-1
-0.4359990263592424,-1,-1
-0.4154096858818716,1,-1
-0.41612546821768875,1,-1
-0.39775945634391635,1,-1
-0.39845591779691414,1,-1
-0.415366636919081,1,-1
-0.394615174532658,1,-1
-0.4141255629106016,1,-1
-0.3859095693119739,1,-1
-0.39641118703050554,1,-1
-0.38943710409852755,1,-1
-0.41168445148995236,1,-1
-0.4787724497648241,-1,-1
-0.40464693400892277,1,-1
-0.38252727089510724,1,-1
-0.38191084864507524,1,1
-0.4035462244969784,1,-1
-0.4276359624971898,-1,-1
-0.39252809228692187,1,-1
-0.42436266526195304,-1,-1
-0.37394276756007344,1,-1
-0.4107109363397776,1,-1
-0.38788994362622714,1,-1
-0.4201885429941654,1,-1
-0.40429318924964824,1,-1
-0.4021598401277542,1,-1
-0.4102900480108182,1,-1
-0.40026866713101084,1,-1
-0.3864416843451764,1,-1
-0.3765320097389885,1,-1
-0.41546458070105424,1,-1
-0.42070063740842173,1,-1
-0.42708817698480583,-1,-1
-0.4325183226361542,-1,-1
-0.40864877914890335,1,-1
-0.4010984735811693,1,-1
-0.3943855550319784,1,-1
-0.4096723340235531,1,-1
-0.4063202398078767,1,-1
-0.406691705496788,1,-1
-0.42027305684638117,1,-1
-0.3815183450798773,1,-1
-0.45172126163483695,-1,-1
-0.41064603646110875,1,-1
-0.42592180175017147,-1,-1
-0.40708200309770937,1,-1
-0.38303729498953665,1,-1
-0.39841413018885224,1,-1
-0.3959658497681646,1,-1
-0.4011065335743966,1,-1
-0.42268365336920544,-1,-1
-0.4011575095844946,1,-1
-0.41993064123717544,1,-1
-0.4127648705607457,1,1
-0.4084844455240589,1,-1
-0.401194758233123,1,-1
-0.39520557150701313,1,-1
-0.3930608177619711,1,-1
-0.4031171932236101,1,1
-0.40855066295451276,1,-1
-0.4133652696539332,1,-1
-0.4346000405560382,-1,-1
-0.3947291761191956,1,-1
-0.38578219935364483,1,-1
-0.41353048885175614,1,-1
-0.395070432208586,1,-1
-0.41754860815474815,1,-1
-0.4169149473986789,1,-1
-0.3978568112316887,1,-1
-0.43328252518149235,-1,-1
-0.42148778621014865,-1,-1
-0.44069265464185936,-1,-1
-0.412297286436557,1,-1
-0.5454451871183502,-1,-1
-0.413341773447441,1,-1
-0.3848067739480672,1,-1
-0.43565181666208064,-1,-1
-0.4115345466551275,1,-1
-0.393631812816159,1,-1
-0.4126590862785938,1,-1
-0.39234420104733053,1,-1
-0.4224401148700002,-1,-1
-0.4078460526956662,1,-1
-0.4117373708503421,1,-1
-0.41270332989670844,1,-1
-0.3943667148504733,1,-1
-0.4140052932491578,1,-1
-0.4004836796084215,1,-1
-0.43502354834497114,-1,-1
-0.4041966255611071,1,-1
-0.399798161486846,1,-1
-0.40028077036899057,1,-1
-0.4168073531106207,1,-1
-0.4276001521419201,-1,-1
-0.39862382905051236,1,-1
-0.39592010902014535,1,-1
-0.4044416505887924,1,-1
-0.43387687746249154,-1,-1
-0.40889333119664223,1,-1
-0.3957166620028631,1,-1
-0.4243464887076709,-1,-1
-0.4143426436387151,1,-1
-0.401666774161434,1,-1
-0.4630856584952248,-1,-1
-0.5013402750913377,-1,-1
-0.410717628864909,1,-1
-0.4474798570694426,-1,-1
-0.4150487476580666,1,-1
-0.4028112784312344,1,-1
-0.42327123702062136,-1,-1
-0.4212590102090741,-1,-1
-0.39204215222417227,1,-1
-0.4132856308666734,1,-1
-0.41706847611196385,1,-1
-0.4361395140468687,-1,-1
-0.41408005222328104,1,-1
-0.42621545973747754,-1,-1
-0.4180148973886588,1,-1
-0.43040414754784323,-1,-1
-0.4038371826818555,1,-1
-0.4030022872473619,1,-1
-0.4242870792373793,-1,-1
-0.4116370732261445,1,-1
-0.4105159962381851,1,-1
-0.40982486581100613,1,-1
-0.4091333425238912,1,-1
-0.4187372124847758,1,-1
-0.40114973982580004,1,-1
-0.3990078084277902,1,-1
-0.4210572365785117,-1,-1
-0.4070178199951278,1,-1
-0.40107527467828397,1,-1
-0.4138573945844022,1,-1
-0.3995855855393635,1,-1
-0.425316396579465,-1,1
-0.43529044778230236,-1,-1
-0.4035919157072125,1,-1
-0.40421375499276035,1,-1
-0.42924142181879293,-1,-1
-0.4242596947097305,-1,-1
-0.4326399690692089,-1,-1
-0.408973594005321,1,-1
-0.4094041076758437,1,-1
-0.4267895528430391,-1,-1
-0.4051262211628321,1,-1
-0.407240790901749,1,-1
-0.38601843353978416,1,-1
-0.3995528542592726,1,-1
-0.4268664745474345,-1,-1
-0.3952106310070181,1,-1
-0.402820935425537,1,-1
-0.40554693066271014,1,-1
-0.4036877809381889,1,-1
-0.4020155753674166,1,-1
-0.45681949364277774,-1,-1
-0.4310492535535143,-1,-1
-0.4048962692882267,1,-1
-0.39513845626046346,1,-1
-0.39326245216587946,1,-1
-0.4053042313362237,1,-1
-0.4074063464803195,1,-1
-0.4060618896183333,1,-1
-0.4054426712333261,1,-1
-0.4137453963969485,1,-1
-0.39053403063971637,1,-1
-0.4135796676551463,1,-1
-0.39186866533929293,1,-1
-0.4308621158313263,-1,-1
-0.38973717455582996,1,-1
-0.40101593940574964,1,-1
-0.4121332760408072,1,-1
-0.3937227200247118,1,-1
-0.4170857359401164,1,-1
-0.39103340872450926,1,-1
-0.40089214489896213,1,-1
-0.40455771453034167,1,-1
-0.40093709681047235,1,-1
-0.42109200696287236,-1,-1
-0.4039869783621919,1,-1
-0.386200786773892,1,-1
-0.3974421246004308,1,-1
-0.39373862296790113,1,-1
